{
  "model_name": "marine_species_abundance_predictor",
  "version": "v1.0.0",
  "created_at": "2025-09-26T16:14:38.767547Z",
  "random_seed": 42,
  "best_parameters": {
    "feature_selector__threshold": "mean",
    "model__learning_rate": 0.01,
    "model__max_depth": 3,
    "model__min_samples_split": 10,
    "model__n_estimators": 100
  },
  "metrics": {
    "mse": 6.844408103685882,
    "rmse": 2.6161819706751825,
    "mae": 2.31732151146556,
    "r2": 0.1853759432543688,
    "cv_scores": [
      -0.018676722187309647,
      -0.2845450281050119,
      -1.0063346327151885,
      -0.3512842980656399,
      -0.0024890666245487303
    ]
  },
  "feature_importance": {
    "x2": 1.0
  }
}